Name,PRN
Rakshit Gawde,23510055
Netra Karoshe,245100002
Shubham Shashikant Koti,245100003
Rahul Namdev Bhala,245100004
Ketaki Suhas Kulkarni,245100005
Om Ramesh Mane,245100006
Shrenika Sajjankumar Patil,245100007
Dhanashree Sagar Hodage,245100008
Vaishnavi Kamalekar,245100009
Shravan Sahekar,245100010
Ashish Jagdish Kamble,245100011
Subodhi Suresh Khandare,245100012
Maruti Sarjerao Gaikwad,245100013
Pranav Pradip Jadhav,245100014
Harsha Mendhe,245100015
Madhura Ratnadeep Bhaskare,245100016
Pranav Ravindra Salunkhe,245100017
Rohit Deepakrao Nimje,245100018
Prerana Amol Patil,245100019
Chetan Khadatare,245100020
Dhanashree Nagesh Nirmale,245100021
Gargi Ajit Salunkhe,245100022
Gauri Dattatray Dhole,245100023
ATHARV TANAJI CHOUGULE,245100024
Kuntal Madavi,245100025
Shreya Sunil thomake,245100026
Nupur Sameer Patwardhan,245100027
Rajveer Shankarrao Barge,245100028
Aditi Kharat,245100029
Akash Sharma,245100030
Tarun singh,245100031
Sania Parihar,245100032
vansh verma,245100033
Aryan Sandip Mohite,245100034
Yajat Patil,245100036
Pruthviraj Manik Patil,245100038
Aniket Suhas Jagtap,245100039
Vishvajit Shinde,245100040
Aditya Bharat Suryavanshi,245100043
Damini Ganesh Petikar,245100046
Gouri Chandrakant Shinagare,245100047
Aditya Ramchandra Hasabe,245100048
Tushar Gorakh Waghmare,245100053
Yogesh Raina,245100054
Kavya Ishwarkar,245100055
Krishna Arun Mali,245100056
Sarthak Bhau Choramale,245100064
Prasad Vyankati Sontakke,245100065
Riya Dey,245100067
Bhoite Tanuj Ravindra,245100068
Pranav Nimbalkar,245100071
Gayatri Suresh Nigade,245100074
Asharani Sargar,245100076
Nishant Nagnath Sonkamble,245100078
Vaishnavi Ramchandra Phatak,245100082
Aditya Pandurang Shewale,245100083
Sanjana Gokul Yedulwar,245100090
Krushnai Thakare,245100091
Pramod Eknath Jadhav,245100092
Prathamesh Padmakar Gambhirrao,245100097
Kartikey Kumar Singh,245100098
Om Vijay Kulkarni,245100103
Rihan Riyaj Chougule,245100105
Siddharth Shrimali,245100106
Amish Santosh Prabhu,245100110
Farhan Rizwan Shaikh,245100112
Pranav Shankar Misal,245100114
Varad Praphul Upadhye,245100117
Aryan Mukund Jadhav,245100121
Shruti Balasaheb Patil,245100122
Rathin Manoj Kamble,245100123
Soniya Nanwani,245100125
Saiprasad Chavan,245100131
Anushka Jain,245100134
Sushant Parshuram Koravi,245100135
Shreyas Anil Dimbar,245100140
Tushar Yashwant Deshmukh,245100142
Vaishnavi Fulchand Ghule,245100144
Sudesh Sambhaji Karande,245100145
Atharva Avinash Kulkarni,245100146
Yashraj Jadhav,245100149
Utkarsh Sood,245100150
Vedant Ashok Padwal,245100152
Harish P,245100154
Tejas Santosh Dhembe,245100155
Sanket Sainath Thorat,245100156
Raunak Rahangdale,245100158
Vedang Mandrupkar,245100160
Darshan Dipak Chavan,245100164
Darshan Bhagwan Wagh,245100171
Shravani Kale,245100172
Shreya Birajdar,245100173
Anmol Balkrushna Avhad,245100174
Ayush Badgujar,245100180
Mahi Ganesh Baghele,245100185
Sanika Vijay Ghatpanadi,245100186
Simran Sande,245100190
Sakshi Jayant Bhosale,245100191
Abhijeet Subhash Thorat,245100194
SWAYAM MANOJ SAHU,245100198
Rishi Ritesh Oswal,245100199
Rujal Shinde,245100207
Harsh Kale,245100209
Pranav Balasaheb Bobade,245100211
Ritesh Haridas Malgade,245100212
Vivek Yuvaraj Patil,245100213
Yashwant Sandeep Paraskar,245100214
Piyush Sanjay Fegade,245100215
Harsh patil,245100216
Harshal Pradip Kore,245100217
Sandesh Patil,245100218
Yash Fulkar,245100221
Rajwardhan Rajesh Rajwade,245100222
Samrudhi Kitturkar,245100223
Aditya Anil Dabhane,245100224
Ishwari Rajiv Nandargi,255200001
Nagesh Gudale,255200002
Naman Bharsakale,255200003
Raghav Deepak Dattawadkar,255200004
Piush Gogi,255200005
Nirzara Anil Manade,255200006
Shreya Sanjay Gaikwad,255200007
Siddhi Bolaikar,255200008
Pratik Rajendra Rathod,255200009
Ashish Shriram Naikwade,255200010
Subhash Dineshrao Tarfewad,255200011
